Date,open,high,low,close,volume
2022-01-03,193.65314362570618,195.0276405759398,194.7083501742089,195.0,6539771.5849217875
2022-01-04,201.16989297676537,202.61875342359528,199.62449917592772,199.86951707713686,4175556.952101746
2022-01-05,197.7938271375474,198.1937834571071,194.2481537495676,198.10325661434774,3683588.3448580215
2022-01-06,196.33232370668324,197.85646161007782,195.7999866389521,196.5989400962648,2612828.991149255
2022-01-07,195.32068369953726,193.9695770252965,193.0164971755252,193.51814626064896,2408711.4599833363
2022-01-10,195.47507085469476,196.51172939725117,193.7347832816561,196.1054258552087,1184732.3776590296
2022-01-11,190.29888605653508,189.7946164228809,188.18650728381544,189.50763637127685,4430279.767866713
2022-01-12,194.23807177515403,195.46897409654983,193.24499989350525,194.59130700266385,2738567.5733601856
2022-01-13,191.06186970891645,192.57787706886108,191.5026227634731,192.43980319226762,3528173.048946304
2022-01-14,193.2604066063474,194.35117585261904,192.55190456167352,193.42096522356056,4200177.837085554
2022-01-17,193.88322468481144,193.61412798396157,190.42080765339142,192.75663312338858,2206236.3543607444
2022-01-18,196.90672725238844,199.76057616762543,196.0683190519597,197.0899146194684,5435694.44332577
2022-01-19,191.67500893932566,191.45095241264886,189.08295815361896,191.14989930481002,3459225.544591268
2022-01-20,190.46415187918345,190.54334601041023,188.13954940299877,190.28475776955977,6910120.429129104
2022-01-21,189.29279370198972,191.01077379836403,187.53657544932938,189.2484798854298,3557145.0680804006
2022-01-24,192.15027163188867,193.62029596070053,190.13887102241318,192.55222229975254,3833590.3400945826
2022-01-25,189.58315237988154,190.6072933926991,189.09796928145627,189.45831611613173,2851373.6848365185
2022-01-26,187.10428426634783,190.24877188564858,188.1806043934699,189.0256290844777,6839375.583176451
2022-01-27,186.19054946021032,187.44103850793752,184.3622451149955,186.60885341078733,1141956.5361940593
2022-01-28,185.0983485060829,187.05359902461726,183.87834569711458,186.7830792315662,2504460.7990210503
2022-01-31,188.73383714784313,190.14911393412154,186.70943660213183,188.4796733950345,2806568.169763147
2022-02-01,185.77803705805235,187.5898223178606,184.9192585082745,185.44917957689998,1520864.7301096786
2022-02-02,187.96644573845634,189.5323826565131,187.9304601532478,188.7176033685049,2197099.5763466167
2022-02-03,192.1111536290305,191.54103838550603,190.9922759839507,191.34452451238826,1103435.0499992254
2022-02-04,193.23174276731913,195.56603246657582,192.09252571926135,192.85006303363292,3595499.989618467
2022-02-07,195.81936652382706,197.04426986550556,194.46974951340695,195.53235231985155,1619108.4690275067
2022-02-08,193.24547635251616,194.69965040613278,191.38437568861735,193.59530680882713,3933067.590940828
2022-02-09,193.75369804298637,195.31663439596744,193.2407764691235,193.29675128477422,2867953.169721488
2022-02-10,191.66464990873692,191.5818632991355,187.56336674253225,190.6596760492213,2155737.054313959
2022-02-11,189.3247958066415,190.9194211570874,188.98800667948365,189.95205852475925,1503202.9581803037
2022-02-14,190.74442889577813,193.68594317441503,190.72209592459507,191.52666634481486,2323478.7406925405
2022-02-15,190.73396222549584,192.0654271122713,189.01860311541694,189.60673995838937,3818284.935906562
2022-02-16,186.35267481163115,189.75421021210897,188.00309183508548,188.53823689943425,3070271.0423193453
2022-02-17,184.2181054935953,187.036654981297,184.90315680420977,186.66083324287922,4561316.7448502295
2022-02-18,182.69171373687863,184.92904358794993,183.41899010185006,184.36457063850565,2204111.1207314623
2022-02-21,182.73824249905812,182.9944414402441,180.64043940800116,182.57233807535712,7297167.088874254
2022-02-22,182.7315396827174,183.1647692283004,182.30878869932855,182.59242780047475,2902326.7237848686
2022-02-23,180.0575086037317,180.5944549201672,175.92533723308512,179.6116182367206,2142325.0849000635
2022-02-24,180.3668609379148,180.80812197581483,179.62893475002554,180.2983680305618,6293825.401129456
2022-02-25,186.32037100124163,187.54373796780106,184.59924719278897,184.89907051386044,6444794.050905551
2022-02-28,188.49826723528872,187.56611011498498,186.8067910691563,187.02471498607798,3124907.814805488
2022-03-01,187.62430148230757,187.176763487678,183.28842452160572,186.54327329054726,2565974.64165346
2022-03-02,183.0671529748709,185.20882940451534,183.24408107024203,184.13124770530658,5152730.464736842
2022-03-03,182.4648717143599,184.4151630251552,181.43314612081366,182.13377265421445,2090536.9732016767
2022-03-04,186.06346613178698,188.38846166228828,186.70938575444885,186.8728147974253,5217848.816993564
2022-03-07,186.60305795849843,190.4044335463262,184.76010264717658,187.07140090619762,1633784.6294938044
2022-03-08,184.3996633730981,187.8677997561881,183.05483770035804,185.34805433773997,3135513.0267223692
2022-03-09,185.9453336257575,186.34569085811225,185.06278945877128,185.93537453047173,3288288.430875632
2022-03-10,192.46607758358354,193.83099510941668,190.13932439574768,191.94387116858428,5980709.297830067
2022-03-11,192.42351666990217,194.36318821083114,189.89430087766843,192.34783544263516,1309806.7734634813
2022-03-14,193.03638729940675,195.9894550981061,192.80399618696933,194.19511917462825,3675568.457514758
2022-03-15,193.64111878267093,195.4072859315663,193.52087806366973,195.12999497548824,3077551.177931046
2022-03-16,193.42010390231275,196.5060964857366,193.73753862715904,194.1599355857993,3273774.450993419
2022-03-17,190.17575791552713,192.46254576334957,187.90046313570298,190.9180840418655,2101048.843086131
2022-03-18,190.72221795257107,192.22135414604526,189.08217947294543,189.9772476640522,1704960.6423279436
2022-03-21,189.13730304559823,189.6567411376336,188.14882307620485,189.4397254366906,2593273.328542606
2022-03-22,190.99103185559548,192.75118526046268,188.6714562728677,191.1713698678777,2896947.364634236
2022-03-23,193.49854984001428,193.99506732031242,193.2180338617803,193.65050261300843,6835168.90186909
2022-03-24,197.51031082692316,198.74332917619031,193.8549535049647,196.43302482961244,3456236.442930701
2022-03-25,198.94982128930138,198.7089713686681,196.68686473994492,197.33550328399147,3262035.2640465754
2022-03-28,200.46015046190098,200.62382369514899,199.72678859726295,200.03302141434227,4635122.316135768
2022-03-29,197.5959304818802,199.1920739510851,197.57021101347297,197.84155654456418,1460183.5128901615
2022-03-30,203.0693502505326,201.88063015352782,201.353666651144,201.655241331776,4691595.261233172
2022-03-31,203.71913791313426,205.52813321043365,202.85928385575966,203.2737231152249,5166407.189916441
2022-04-01,202.00134663937078,203.31520695496616,202.19936095075386,202.4275547030555,5145185.2569167325
2022-04-04,205.0082015376123,206.64955327701574,202.89744139823208,203.97752989059808,2767632.913195709
2022-04-05,204.01874518500455,210.26191560881546,203.38522872662983,203.80757002633808,1762731.2346628585
2022-04-06,205.8720218471532,208.4348322470222,207.3348483705858,207.35881642048372,1997757.2757508045
2022-04-07,212.8691348828221,212.3862042219166,209.69219271751632,212.2039748329484,3699569.1854611374
2022-04-08,219.67069676323166,221.7964214712708,218.9195100564067,219.34187565260513,4275375.200149631
2022-04-11,212.86487590788474,215.0000094977719,213.3886680302962,214.85946078210867,6188943.105004541
2022-04-12,208.05635184579128,211.0922467275294,206.87217783409628,210.31837131090109,6995075.941108809
2022-04-13,208.93782538127098,209.87183550043753,207.98726823300166,208.79553017787066,5053664.291691676
2022-04-14,210.0754941286484,209.98265986940785,206.7495385351112,209.36015626742324,3324947.356102758
2022-04-15,212.83917178061247,215.33906053217717,208.17075764373007,212.19348816229956,3732019.172847431
2022-04-18,211.81323192250485,213.507172422439,210.59880646122977,213.26447510807716,2906161.8454884794
2022-04-19,206.59564719907553,207.80490301901241,205.51299198077646,206.95472394018998,5539607.601084513
2022-04-20,206.7549740412074,206.6821712355902,204.1307146747008,206.06815925325242,4400090.9743706295
2022-04-21,207.10340494607246,208.9539342267015,206.8361713061221,208.70600851388917,3641585.9168901592
2022-04-22,209.57975287812494,209.79778771742633,206.15897304237654,209.49042303805166,1744885.9110254052
2022-04-25,212.18833872171354,213.82921380342273,210.501764749381,211.96224996209207,5516922.2120860405
2022-04-26,212.29597647844625,212.6386184920298,210.25965612721558,211.31993621613688,1523554.755239139
2022-04-27,208.1619845629829,211.80897271530284,210.47325374972124,210.7477455233593,6051950.009475385
2022-04-28,211.5549962609045,213.28480205901167,210.91363077748514,211.40174339241528,5348436.065803975
2022-04-29,214.91683384522,212.88459893260503,212.6706079343922,212.7698563620026,1478392.0315745857
2022-05-02,212.80467375566488,215.45115178997554,210.68078740515105,213.46771230305288,3190754.0686352183
2022-05-03,213.5750455773537,213.96039575523673,213.22570079062845,213.91328454373226,1757324.201443414
2022-05-04,212.84610804222544,214.79531801338956,211.49682582592476,211.83566017278537,3040979.848588681
2022-05-05,212.28956844358623,214.4240638266533,213.09011031554445,213.1027072149953,4314901.206012386
2022-05-06,214.79190354208404,213.7985132963258,213.08556830512697,213.55652720564223,3053139.4594306746
2022-05-09,217.85786197395697,221.64440385632827,214.20583254069606,217.27065201206818,1652939.8498899944
2022-05-10,219.53816436300704,222.33419073383112,218.822673359105,221.279716973049,3724390.0022270717
2022-05-11,222.07335956480418,222.51062492160077,221.56005862773154,221.96172012469708,3721896.29572678
2022-05-12,219.1713870711984,221.68441843254647,219.77675203565624,220.78197163865022,3224803.5599704515
2022-05-13,219.78419605472777,221.73593713427292,218.39709219320548,218.74238315536206,1938510.6162446244
2022-05-16,218.35195651016673,220.2639565643538,219.87396074454654,220.20239926661876,2744499.1821727976
2022-05-17,218.52647459749107,223.08914338642467,219.89743718628708,220.52415185402515,3738756.338244284
2022-05-18,218.20754782003476,220.61716262237726,219.28674407640906,219.45548628317556,3025161.6600233302
2022-05-19,218.78290182667524,221.3982722683156,219.3977318148264,219.66493635717922,9400853.675443178
2022-05-20,219.12811110758147,218.5086624105127,215.68484450076693,217.6968189746679,3715559.084894446
2022-05-23,220.03410230889466,222.49237573681705,219.4449788865923,220.05419054451497,2947946.3488912284
2022-05-24,218.96696493607666,220.5256449668586,218.41532880177792,218.64882592843102,4161137.2644873364
2022-05-25,223.96608439533244,223.65126085748622,219.22845566165603,222.7688136862572,1880943.0349712763
2022-05-26,223.40622431015666,225.895959287926,221.893768517471,224.18842883583417,4034438.125993947
2022-05-27,225.60704767565,227.19920168850777,223.83541146625598,226.26131135125524,7336680.965309686
2022-05-30,221.69900603639448,225.24536362428503,222.01080475606236,222.64240037253776,2101399.986291554
2022-05-31,224.15201889366094,224.1980717607556,222.89642548679342,223.2757679540802,3795844.6360207936
2022-06-01,227.6818360369646,226.4719235300581,222.6313970329851,225.83756046329427,4797265.126666597
2022-06-02,222.9847423465496,222.81915653676037,222.14037696566956,222.69663692997855,1401881.2547699278
2022-06-03,221.18422004616394,224.26796341900544,220.61425556639975,221.87567338773317,7418181.211548665
2022-06-06,221.47311778085594,224.6634831170785,220.041506279981,222.05085082491507,1938647.0783584204
2022-06-07,216.37922920771766,218.17637355178405,216.50794578407493,217.58936802497345,2764783.7253010953
2022-06-08,219.48548558002344,220.4496278056689,216.84799122569677,218.68602919186952,3954386.744257213
2022-06-09,220.36838812534103,222.93753524218783,220.7309235449268,221.5458252746809,2910101.615516551
2022-06-10,218.49491426720505,219.93709235332287,218.41233123489081,218.77344903705898,4883966.883395692
2022-06-13,218.70700346167803,223.41598987684074,219.95555776718948,219.9928189692202,3525252.8018282247
2022-06-14,213.72025730077385,217.34965338451386,215.02955639019942,215.76948820512305,4346474.633904703
2022-06-15,212.96953183510306,217.8232049076134,211.72607066752792,215.70898788166116,3393887.95598328
2022-06-16,209.66979705461114,212.38203054965967,210.05589442678627,210.606957484446,6824303.259363265
2022-06-17,214.47747039086744,215.64251928867904,213.59406810252716,214.24386049458457,1193321.311508815
2022-06-20,215.2839958839439,216.68305348297037,212.52520885820581,215.6266434028721,3921744.4412699295
2022-06-21,215.37068401955216,216.2897824941152,214.41934538013527,215.61171083947696,2812804.0775127504
2022-06-22,212.04116528054743,216.29379812580123,211.23456290419324,213.1831660552913,2023792.3120676128
2022-06-23,216.34812013940274,219.39008476970938,212.98750909712334,217.36067480467318,2178604.287670054
2022-06-24,222.74147263885965,224.00802904345042,222.47756552473217,223.9369627377383,2455915.1286421386
2022-06-27,218.0774944797918,219.39120980369833,217.36622478806274,217.847410948847,4365334.027427516
2022-06-28,224.2639141387901,222.32828908893998,221.55242458851936,221.9911083051704,2088454.3019424737
2022-06-29,227.3907707600609,228.9986951262173,227.325862844399,227.54592580499533,3012883.6814840734
2022-06-30,227.20491487307314,228.9577272029085,228.29430428598312,228.77117430433597,3751342.879553397
2022-07-01,226.19019183472963,226.09663226144653,223.99942395216064,224.76001762288442,1834172.8491681705
2022-07-04,226.62078876556032,230.5084833336476,227.51333652455327,227.75794594316142,5701126.394165097
2022-07-05,227.84222749769856,229.17322199033137,223.95932718811676,227.20884575809953,10971314.501049899
2022-07-06,224.72896599105377,226.5346300714918,224.89265909806483,225.2274567517408,2333760.204481154
2022-07-07,221.26592800984523,221.24558201029913,217.2221204474082,221.17625960896777,5176934.233492628
2022-07-08,226.90596764743654,223.48546128753105,222.99361995614873,223.07722252627423,2800084.7982892217
2022-07-11,224.96964232904037,226.13812177027796,225.28833940510503,225.8136505068289,4268118.809157418
2022-07-12,223.12216127139513,224.67679660659974,222.994376116824,223.77859389068846,2985110.737936375
2022-07-13,226.02377828863925,226.67138097643826,225.2863775265879,225.6005117396812,9863294.66206328
2022-07-14,221.80329428013337,222.73323889752484,221.51185033379167,221.82763627385611,2779645.86869633
2022-07-15,224.12325905072223,226.22457717094696,224.1099502944658,224.57923451146152,4862023.195262912
2022-07-18,224.02980855884243,225.53600477140984,223.2510733012493,224.80359099771348,4428994.213087933
2022-07-19,224.90467929348017,226.00955493280847,222.58666258350496,224.2426098651496,1901245.8343696876
2022-07-20,225.17430313541172,225.88722328034808,223.7345384676161,223.96781475779903,1109994.1394228565
2022-07-21,225.89354817306764,228.9662444752715,226.05696728928743,226.97404001394293,4366811.242283284
2022-07-22,228.3075112866282,231.15269203621708,229.12174649385545,229.6122058425585,4986571.810925956
2022-07-25,233.63071600037955,233.43715475163515,229.24573793838613,231.5124852952417,2499615.032287907
2022-07-26,230.40716625809952,233.42162807301244,231.02437068423012,232.06078052663733,2381670.4429288106
2022-07-27,233.23276013974692,235.93183190504905,230.57549144274287,232.4015371739275,5327547.866876396
2022-07-28,235.15281354387227,236.73456418620233,233.79799187164056,234.63763450338354,5007346.602265562
2022-07-29,234.22908939890607,236.48700814773187,233.96757490606367,235.52799040558966,5272094.730876714
2022-08-01,238.92705795487515,238.3401927034514,237.81232515483256,238.0231725820729,3725460.468162495
2022-08-02,235.68235137132845,239.68865997909558,236.1755253053593,236.98960540422217,2204170.420273718
2022-08-03,227.31371459854276,230.2117833877833,227.69107361058278,228.55884731431658,1778024.207806753
2022-08-04,230.6044913608536,235.14469802260902,230.95279955606063,232.21788343739132,1206738.3834111346
2022-08-05,241.03532949956224,242.35106344775363,236.64935843453,240.03404762644553,3176082.639638094
2022-08-08,241.1579198838694,242.24790361749916,241.00966426971343,241.70095648960964,8534133.444356788
2022-08-09,242.72048263885853,241.92488008038296,240.40113148316948,241.41052717203524,4151363.0249077636
2022-08-10,240.01305529490824,243.05011559593711,240.30402381904267,240.98923040744367,3141245.320766591
2022-08-11,241.3709670868666,240.70914847911487,240.4409624829306,240.63143139723823,1528239.3692129792
2022-08-12,242.4607840782346,241.06888801448903,238.59429955043794,240.76649748126556,2340874.1049706805
2022-08-15,236.71742558926107,239.34888779258637,236.72399061105426,236.81927387783307,3277099.8193689506
2022-08-16,233.737272961868,235.26021381842745,233.52639707568673,235.06001767399206,2925249.289397749
2022-08-17,231.24347277464017,236.81229544332948,230.287595850639,231.64023884914025,5148262.541239952
2022-08-18,234.03753025595182,233.42475110811526,231.4285709900492,232.57609479018146,3019786.2691838266
2022-08-19,232.46891131796582,233.42863515087237,231.58834119759553,231.61299264168989,4628081.59385861
2022-08-22,232.95940438342183,234.7031010559833,231.8077247975547,233.4098715400545,3087557.458958875
2022-08-23,230.83781079502765,233.760603924497,230.33748905375367,232.86886083368825,2973102.0196445608
2022-08-24,237.2564902151155,237.033017922704,234.44887753338895,236.41068749868617,6135283.005934505
2022-08-25,239.1748717022773,239.7969898633444,235.48558096328605,237.24028835230922,2244540.279463534
2022-08-26,247.26068402674798,247.29736483812195,241.80700261550604,245.23918469004377,2837612.438924163
2022-08-29,238.94901373849524,239.0370718737274,235.9039059057331,238.4330562883427,1712785.0686114205
2022-08-30,235.97579397986829,239.78271843183467,236.13265927630883,236.20140076923016,3431025.23666846
2022-08-31,238.54757970996698,239.66082939850224,235.84719172942854,239.48891636567612,5580285.5144737335
2022-09-01,248.1081916840355,249.63722767280717,245.98533912507872,248.8205672289332,4596018.554622678
2022-09-02,245.92326116197447,249.67446194799396,245.4013597208814,247.96869329774484,4718520.735568972
2022-09-05,250.85466369520722,249.9900909651235,246.81240027384385,248.20562517447192,5534552.036740018
2022-09-06,247.40532701469724,248.07145113262354,246.63229501934904,247.43868718012126,4468704.454996645
2022-09-07,255.5162983498559,253.1486028697142,250.50816131629745,252.50591632792666,4776075.375522424
2022-09-08,251.40181231567257,251.53418449011266,249.58439931317724,251.4954911360108,4000228.4843439613
2022-09-09,252.09389185502798,254.4553859245792,251.4589292661677,254.15037237976563,2007309.301599663
2022-09-12,255.36499118281895,253.94824869886304,252.57214283772575,253.01001808187985,4252627.349744492
2022-09-13,247.23326923298112,249.09109975350458,245.69021090555492,248.3007476975655,5245825.562924453
2022-09-14,248.99977129706764,251.53456843015587,249.06343704447843,249.54616286579935,2092866.410088035
2022-09-15,253.58540287339113,253.91843945572882,251.49373450423883,251.51224891292787,3678424.121279212
2022-09-16,258.38674508395104,261.6583409068531,255.14778439869303,256.5157535369549,5617551.977529524
2022-09-19,253.5727272468252,260.1022875928293,255.96223604855413,256.1679732009801,2712175.8633438363
2022-09-20,253.88418983360756,256.7094685641984,253.23021794428624,253.8828508936082,1688661.4187993724
2022-09-21,254.7166605778618,257.0343237221796,255.05789956843833,256.1118748421754,3371158.412794233
2022-09-22,257.80860815023686,258.40609458625113,257.08002045195923,257.1155041713084,7252398.355352056
2022-09-23,260.6179324762369,259.8301370207217,257.52695040976545,258.2777077499661,2070969.2458445895
2022-09-26,257.40427405906496,258.36187935766316,256.04931531540615,258.0720222840358,3101216.354129114
2022-09-27,264.64310936584496,264.6296762104184,261.0522800258675,262.6818963808701,2245602.7449804894
2022-09-28,262.99424157489716,264.6066730671059,260.21017971902444,264.2210785349775,2731923.1042941185
2022-09-29,274.91414358253854,273.0288192852055,271.93475709524563,271.96028701772383,3676183.3563497006
2022-09-30,275.4717515754413,276.9110429568571,275.04141371969655,276.6136874119228,6840742.280919687
2022-10-03,278.7982137457663,280.0455639800222,276.36079157072834,279.4456025337603,2284546.254809113
2022-10-04,273.1933428177843,273.07566689768555,272.44603167916506,272.78831032483913,2293690.161661783
2022-10-05,273.4184089488477,277.5902940469596,273.92258079268066,275.346653920799,2113273.6157319318
2022-10-06,279.3186595288784,279.8997269891782,273.95817643479876,277.17112538016033,1891923.8460014064
2022-10-07,279.1459949118789,283.29927172228616,278.8973832249202,280.64748266464113,1517614.07169406
2022-10-10,286.0398277071887,286.21368762393837,282.68624679567426,285.1644419314698,2135836.4344427376
2022-10-11,281.71229428996475,285.33367993477316,282.31719533729694,283.5398932589126,3100560.2076116474
2022-10-12,287.3099731186616,289.96350864402524,285.6727123569564,287.1523509633024,3336499.2724375664
2022-10-13,284.81097106110064,284.96123786078783,284.40753282617754,284.82596170128727,5875046.85781138
2022-10-14,292.8200958363918,296.79057277171773,293.1867711222308,293.3896251071559,2167748.7784172823
2022-10-17,288.37604444464847,288.7714647509689,287.1799032409658,287.6723702195244,2213379.1613599816
2022-10-18,278.69335455391314,280.3166561779979,277.6891166615783,280.25836245164413,2239092.8849556595
2022-10-19,275.567223892839,276.4369763240403,268.606584421737,273.4861776358354,3605146.4771042303
2022-10-20,270.2113614209629,272.7509520791468,268.75306839325106,269.93812012621345,3019989.1350227497
2022-10-21,261.8182285827705,266.2944667255916,264.31574595903015,265.524208425436,4821542.220242813
2022-10-24,276.25519652880257,276.7621364944286,269.29205864191925,273.51246606645634,2203218.043478683
2022-10-25,272.8741550029412,273.5482987774259,269.9076264501867,272.2578807460665,5160940.69614723
2022-10-26,268.9827855068414,271.8310933028746,265.4429041151145,266.9094790867691,5236985.327231429
2022-10-27,271.2498200873313,271.55910697364874,270.5545987426751,271.4900026192541,2866969.621716663
2022-10-28,266.14729618968977,269.4349407900974,267.904943661002,269.19269376293107,2394610.8066880144
2022-10-31,263.7690373539652,264.93291154683556,262.3921860903676,264.3237443486923,3578966.1964733135
2022-11-01,266.25727019950136,271.1103289152072,266.56243692051316,267.8995883892642,2200583.5150200194
2022-11-02,270.4454033684488,271.1487566663445,269.93075721309395,270.4974504081161,8851543.1395833
2022-11-03,268.1701777777283,270.55548455298646,267.55657211916576,268.8190085604614,3507603.6853258824
2022-11-04,274.92434156364385,275.32334788805167,272.71223117490115,274.63732869233223,4858403.210025399
2022-11-07,272.8239625097487,275.677946701754,274.98083822286054,275.2522489712318,1734875.7409492356
2022-11-08,282.17037807673324,286.7813552163249,281.1983036396765,282.09451946906955,1362213.0905536604
2022-11-09,283.6618188775545,286.4702607516255,282.2997189616368,284.315149265044,4609514.535486732
2022-11-10,292.0508482045127,292.302455366946,290.3857903956541,291.1286851815097,4230976.4324468495
2022-11-11,289.2261512620128,291.73622757709353,291.0762434535446,291.69432652331585,2234878.9456513077
2022-11-14,285.88300233612694,289.4037130584391,284.10819855460704,286.4918992920176,2462314.1450745617
2022-11-15,299.76792673290043,297.97577645371405,295.9392268807136,297.302693777482,2326854.9331227066
2022-11-16,293.2253301811019,295.2221286715367,294.7102324757475,294.9672042862617,3663441.109154544
2022-11-17,295.2625871653782,294.246226982525,291.9705385572691,294.1769950885132,5188348.850691392
2022-11-18,293.1270500287293,291.50390349653946,290.46933855356565,291.1899003134789,1509924.028131374
2022-11-21,290.3753120929602,292.8274216062698,283.61270448548987,290.3899619302049,4153128.9234579015
2022-11-22,292.97730143373036,293.7898755880128,288.97390618855087,291.53636742476397,2111514.751430025
2022-11-23,294.0312040388466,294.2067488435424,289.8094647591528,292.50805662114715,2506841.163288062
2022-11-24,297.8308329738937,303.3627633461466,292.4594031265886,295.5114295003923,3017026.784504212
2022-11-25,303.09583220403334,305.1123893814495,303.46035222362923,303.65430135464084,1654936.1399664106
2022-11-28,303.026804730516,304.1175972081302,300.01252037371984,303.1970484836683,13550978.068602344
2022-11-29,298.9267802580119,300.14682166741085,297.6740912350353,297.72972388598816,10989916.595963698
2022-11-30,291.49304578636423,293.6043630720076,290.63835946811173,292.58386286825043,4761793.445506343
2022-12-01,289.8331008919649,291.3571541298616,288.45610274125323,289.7634841910573,4538048.313562947
2022-12-02,281.67477176939246,288.76386501306405,281.46821614470633,282.6620689124753,1939992.9629877282
2022-12-05,282.93409386523734,289.04645707480046,282.6925544534392,286.2677405642291,10731291.147060128
2022-12-06,284.6975818140338,284.3859155927727,283.747883914145,284.22163117170595,3299094.6240172316
2022-12-07,285.3925716238714,285.26979867468674,281.33488121730693,282.9837712490627,3073422.2711576843
2022-12-08,282.5340635882794,286.58631902603526,281.434257579831,283.06064793668463,5968443.848760876
2022-12-09,277.39244435129893,278.63409826569483,275.6204103478499,277.2755763130673,3724339.3292598613
2022-12-12,273.1781186296562,274.1036501473446,269.69734638321444,273.7984157188644,2217072.5099383304
2022-12-13,275.6414984984288,278.2789924830441,274.9670607434098,276.666497161047,2930077.07102455
2022-12-14,279.5192539332111,280.5161205103504,276.49372970204934,279.32916420250433,2708639.6979933702
2022-12-15,279.05073870266784,277.57059956512194,273.65640161862626,277.5617157206178,3376424.430345043
2022-12-16,288.44938335431306,286.02183708565195,284.7699486202873,285.28860903865495,4313364.437186762
2022-12-19,280.9956799205942,281.4628258734282,278.2106658019221,279.8392769100286,4266820.319351934
2022-12-20,277.139838311224,281.9015715812979,276.1975855005814,278.4784337411879,6265700.463528865
2022-12-21,275.6184187819376,277.59994294204444,276.33822223335227,277.59911012526356,3262317.752964106
2022-12-22,268.02885588171,269.0445466679329,263.0837840073397,266.2888835930636,5277875.773638436
2022-12-23,274.65808660200173,275.186901582573,272.95488491755,274.2238326078812,7673864.715878393
2022-12-26,274.9756852299264,277.11951366334955,273.6162768323223,275.81756766470136,1770882.7270872935
2022-12-27,270.1766396476455,273.0872041469608,269.1345389325438,271.610979389511,4668205.440197552
2022-12-28,279.0501827992263,282.3131472189801,276.8276046337183,280.1817280416188,1912331.8990606377
2022-12-29,284.48244218536513,284.3319341546144,278.9597178282804,282.7387570564763,1538721.1458846193
2022-12-30,284.6198528796233,284.75612427574566,283.85813289053,284.6516760432312,7219750.978730927
2023-01-02,280.1805694195459,282.650062976377,280.94259160309235,282.1563267418341,5767457.986037772
2023-01-03,283.9244022500834,286.1720112689144,282.68448013378156,282.6910508921152,4246843.130018438
2023-01-04,276.8065026733957,278.9177874267495,276.24391999417713,276.377975035535,2575448.6275033248
2023-01-05,279.3702809209718,282.2179595668955,277.61984707603193,279.77754213688087,6932843.552592091
2023-01-06,279.13964863594896,282.0792487073208,277.31230762154485,278.2940310049463,1650214.995152025
2023-01-09,277.78347309326335,280.29633731472353,278.20257720485455,278.93783494858036,3381048.613109355
2023-01-10,285.46736444609996,288.37418962381116,283.43317782965494,284.0981468965085,4166507.7664752095
2023-01-11,283.3665202467328,286.5351592866937,283.5376178893808,285.39979529501295,6221760.520835745
2023-01-12,285.316917130482,287.1557814136117,285.9649936605544,286.6116029704515,1523904.1968801212
2023-01-13,285.90719550547135,292.8280411912557,287.774166766323,287.88914390513474,706394.6269128522
2023-01-16,284.23218235212,285.66750155890145,284.32531324176796,284.82541538843196,3463136.213753291
2023-01-17,287.41352741776785,288.5464608066069,285.73384733665137,288.50617391564583,3831295.5883361413
2023-01-18,294.81616628347933,297.0798745926954,294.64500106744936,295.3517067387283,3565590.1437113234
2023-01-19,298.829386319306,301.1040590860326,298.07496072907776,298.8222626479094,2108266.4273525784
2023-01-20,303.74545129575193,303.1380373296949,302.6607789509826,302.90601914343245,3197627.223525123
2023-01-23,299.2549120588826,301.50813083603214,296.37603288695453,299.0358203659365,1513537.9240711064
2023-01-24,295.6289334485813,295.6026224021086,292.45441392838956,295.2571165997298,4034111.7366762757
2023-01-25,291.3493421392301,291.013590867421,285.2770015925936,289.03084660171845,5107875.886203482
2023-01-26,294.11883101884234,296.7122698883192,291.7865681166399,294.5112533643534,2267036.562941793
2023-01-27,291.33858763274037,294.7525771245811,291.39122736489634,293.4785391380255,1200236.4248823107
2023-01-30,301.22208179510295,304.4923893366035,295.4193928974568,299.7959795829538,3063624.1775819384
2023-01-31,299.1098728389624,297.99637200994573,295.39430516984794,296.38921318836714,2960148.0451403772
2023-02-01,294.8146549404467,297.1462659161234,294.3242261740979,294.5388359706349,3139884.2772831665
2023-02-02,296.28775490409816,295.89714560988165,293.91111056543383,295.049235252093,6273140.884692993
2023-02-03,298.2644545900619,300.45527170007455,294.7464620087286,299.24540599868504,3503586.582247413
2023-02-06,299.88623666890584,302.5273270323751,296.9761307519903,299.6080874807458,9267844.848593447
2023-02-07,301.6061966031077,305.31629678250926,298.823927451426,300.64859277481975,3954527.6725542094
2023-02-08,301.38277030765903,302.75344079831495,300.73487795089517,300.81336733742074,1898136.4834712215
2023-02-09,300.89028914970004,301.8228520682677,298.6206866376731,301.7044350268366,5762066.462245008
2023-02-10,299.2025855215456,298.19813627670146,295.2193308638799,296.7828705688153,3124634.318402638
2023-02-13,297.48934515620596,299.2813315548983,294.85726398807054,297.23251236193255,2560247.7044718247
2023-02-14,297.86972488674,301.43951308589334,294.90658818148916,296.49074907300485,3759139.660963922
2023-02-15,296.9282389214829,297.18471535009087,296.2552004913786,296.3270225269247,3462120.7946870835
2023-02-16,299.91753577654976,299.6305657068376,296.6158405083588,298.613083010662,1499590.9120729696
2023-02-17,297.0480587676102,295.7844834399194,295.413891885185,295.66839126339596,2137699.0789191863
2023-02-20,295.0631926923471,297.9870858229784,294.3735872820275,295.3824348640373,5815302.045180355
2023-02-21,295.38222872722423,297.0495641543817,293.3122217371369,294.1560703097635,3569599.4416057887
2023-02-22,299.2904057672367,298.71795802628145,294.66350557874426,296.09193814997184,4499572.619773409
2023-02-23,302.68325888372857,301.3731442472715,298.93403884284186,299.68789038601204,5444281.350490734
2023-02-24,296.64113763066126,297.2274921036713,294.724704388634,295.51221975056234,8010842.830680587
2023-02-27,300.7260552430614,298.9837192812348,293.36127712502304,298.2102710558737,2374866.420577131
2023-02-28,305.6755544177865,309.69229596004357,305.02667557113546,307.68778846834573,2299730.4324248824
2023-03-01,303.2790247683801,302.9423699086202,296.9094084728726,301.0626074121416,2059029.2724261347
2023-03-02,297.5374124352993,300.9096434313118,296.46842703565375,297.4260619206642,2421202.145722694
2023-03-03,290.98804042832563,293.97424608699004,290.1422885424102,293.6113631269435,2071340.6579293625
2023-03-06,292.71406491173855,292.68873843851503,290.97751329731585,292.4724671725124,3244590.2655418585
2023-03-07,301.23264551535163,300.33978875981785,298.6526030565812,299.76932709375194,3096811.5736733554
2023-03-08,298.87557546890537,301.7324392543913,297.599130587152,299.91933625485615,4371510.396564465
2023-03-09,299.775004427278,301.2968644948387,294.0070257864268,296.8993389980797,1802480.596333111
2023-03-10,301.7937065328129,300.2728567742381,296.4538265337596,299.77140713452457,2357442.111953132
2023-03-13,295.2809157336813,300.8724814710863,295.4699611097953,297.17557924033497,3912669.8805063167
2023-03-14,303.8417747536564,303.69295582667615,299.2987673968729,302.3164518147969,4635821.542239432
2023-03-15,303.965143358359,306.3756084951804,300.24122130002655,303.7950596119944,1026526.514169952
2023-03-16,309.427187628772,310.61134681288337,309.000852943579,310.28307283513254,2419241.66830891
2023-03-17,306.8258867675653,308.6971277247761,306.67960551935863,307.3124109348713,2879680.2026583254
2023-03-20,320.9868825902009,327.85399354502067,321.31824127077226,321.702662977127,1178111.0519224352
2023-03-21,323.82283463229663,326.44384375224126,324.2869934956936,325.80416545972275,4091205.2975654365
2023-03-22,328.37986129365703,332.15234189543145,326.93255357981155,329.1176164550884,5968843.5902456585
2023-03-23,330.1030299278768,329.55380585473364,326.7851759196258,328.96368245205184,1237310.0835986692
2023-03-24,327.82102832696165,326.34936993618027,324.0766185504383,325.50030549908945,1494848.7902015855
2023-03-27,323.7307351336393,321.4667544809446,320.15988304533215,321.3872781899943,5262364.789153527
2023-03-28,319.90890690508814,321.74165401452336,319.12421366726744,320.8286596764816,5767040.608254144
2023-03-29,316.92392253538,319.2651231696358,313.7831537299642,317.10982448696024,1729965.7719312925
2023-03-30,317.1840435549932,318.86411938154384,315.9939658195298,318.5528193342892,1995069.8967314488
2023-03-31,316.34507714529894,316.4384873477228,312.52619456295724,314.7242433758519,4545777.796828925
2023-04-03,315.14667667395,320.47997876919027,314.221381044774,317.76530575450766,2894978.186731931
2023-04-04,320.25424091685164,322.6500019646752,320.93337230172494,322.45219853198324,2518922.4897444164
2023-04-05,318.13728327724306,320.61483915264387,318.6765032187578,319.1519418200072,7254036.930148057
2023-04-06,325.4191892938678,326.2012326864934,322.778915788373,325.01053170438223,3793878.9344559796
2023-04-07,323.4295861105189,323.99594110079704,323.1260052917896,323.949765174141,1316221.3540619914
2023-04-10,329.7659242004264,331.294397373037,328.58599986783196,329.7114164644669,3710424.887138763
2023-04-11,332.064064739715,332.3749519103167,331.1689259641168,331.9851607938012,1619084.0887293862
2023-04-12,338.11663680416166,339.26760946788386,337.53890977838597,337.72271748738126,4737538.665193894
2023-04-13,331.08798698979035,332.9074080088073,330.15834501023176,332.8093819167349,5341391.881076596
2023-04-14,331.81240019516366,332.6751650974711,330.7052872026404,332.3763760487764,4070518.720469357
2023-04-17,340.77530407250777,340.20308184749655,338.87111092160944,339.7939581632289,5198652.0379162105
2023-04-18,337.2312985893016,339.2258737445303,335.97027091120265,336.7594495082268,8728811.0620574
2023-04-19,328.5084311887583,327.86775111249887,324.7429039421683,326.72239239495485,4701254.674225112
2023-04-20,316.25027838713237,317.9058291564432,317.2495574500751,317.43466565397586,2714233.1703084717
2023-04-21,307.1992259275709,306.77846239691075,305.50201482879015,305.81349109416357,1892384.1471976412
2023-04-24,298.5296679907462,298.07655580205517,296.1882383369944,296.35644948696137,3657262.1073701326
2023-04-25,294.4105311820954,298.1463288703932,294.54028932162794,294.62058135546783,1948325.6386874176
2023-04-26,300.81487802894645,302.03876440966474,300.39534066319334,300.4154304350163,1592200.1557460618
2023-04-27,298.85489644967504,299.9497913060381,297.7384649946186,298.51878007361205,2594943.3594165263
2023-04-28,300.86465983357755,303.59027697391457,293.2740915798617,300.0609905951825,1343570.1733702498
2023-05-01,300.23743469022196,301.10992152488507,297.6331532051563,299.6562198158331,1706172.487883787
2023-05-02,301.98721903741114,305.28553952301354,296.97040885520295,299.78457033194707,4199929.072028771
2023-05-03,299.88668037676905,301.10507036457165,297.214998992833,299.1188946163919,2577607.918174701
2023-05-04,299.71787734871833,300.8619456275478,296.73272407910997,298.4279201220971,2804351.314170174
2023-05-05,301.0878711388499,301.105785403103,300.56210198104037,300.5896036961704,3226930.5545352683
2023-05-08,293.8835753513832,297.83598313707796,292.04055000836206,295.4223866667493,1230466.707210613
2023-05-09,300.67276586313454,301.2821725764373,295.97024883193063,300.0226762001474,3588022.8577794465
2023-05-10,303.93318361685675,305.4444886480229,303.7053319719264,304.28304220757997,3262763.287370835
2023-05-11,302.5213878247356,303.5724654906922,297.4197232276824,303.48508562362747,3195955.8292730525
2023-05-12,305.89181311271625,309.8150343465945,306.32105688180354,307.2658609420725,3880300.493184463
2023-05-15,304.0344920389151,305.7781183007187,300.9525493824681,304.14154542331147,1107411.884598508
2023-05-16,300.87440396669547,307.65514653728604,300.58218208919664,301.7910400823704,8502873.779451557
2023-05-17,305.67594095439165,305.02450462068856,299.8068614913158,302.5900186101973,2808958.810600954
2023-05-18,304.22807204786176,302.67210110080754,300.79071058410756,301.8183963796369,1595811.8179786406
2023-05-19,299.48336894042876,301.3583797158873,298.38033462703044,299.88360904253994,3456492.620043195
2023-05-22,298.0160140003061,297.7921298972922,295.12871853461684,296.9630466288156,1731357.1495775047
2023-05-23,296.28251236763,296.88267807618365,293.4536074501023,294.5784313798862,3379358.1396793085
2023-05-24,298.58906059363585,299.258434941735,298.273370332232,298.8473235120782,4283586.2091290485
2023-05-25,293.03196443390925,291.4882732001483,290.1616778491531,290.3488027063522,1690528.2064869876
2023-05-26,293.32181161756387,295.2347520451339,289.83272897234554,291.97564278030273,4988836.202437858
2023-05-29,290.88126342979285,292.24543321817475,290.16285484903756,291.0292650729385,3490467.012993269
2023-05-30,291.6643991730156,295.1815894639099,292.1563550932054,294.31217739604097,3892420.825086051
2023-05-31,295.2509459537823,297.31435707731015,296.638016585211,296.68386256499826,4000916.638971111
2023-06-01,285.0946737107184,285.23422349936277,284.02765599991824,284.6411087171338,4223678.857410714
2023-06-02,286.60503807943996,288.25723753265316,285.3979044602435,287.23446062448073,5724014.196276502
2023-06-05,288.69164904415976,288.9482256239597,285.64607092242835,288.72160861952375,5026463.553290696
2023-06-06,287.7656800498238,291.35362023738,287.69925262514715,288.9029661375985,4170119.192654582
2023-06-07,287.3194374625205,290.89351019741696,286.8311408042943,286.9651463740989,2230709.3496424654
2023-06-08,290.08263938764094,294.60335067811724,289.0725843352989,290.74889343969613,3772187.203343943
2023-06-09,286.79587432008015,292.31795783672396,285.4662760886225,289.0398436363666,2473347.422275599
2023-06-12,296.6863835759821,297.31368680362675,293.29733813008505,297.19405529256613,1584253.4789826793
2023-06-13,298.9531361056111,301.37042384106263,296.631462316565,299.8106333232243,3202081.2993500056
2023-06-14,307.27095067105193,311.1761424932051,307.43464801839974,309.67348682851514,2071109.374980416
2023-06-15,308.3162838326807,307.9435399143825,304.75614644530754,306.1378418705746,5766470.154086834
2023-06-16,298.15582496420916,298.6621594815302,297.05886291463514,298.2692432848399,3207958.793284083
2023-06-19,301.0820310857538,303.4523265450826,301.2936736396282,301.5749041174933,3343842.9399331007
2023-06-20,306.6950212722692,306.30595396890004,304.80654974481183,305.5486412518634,4816716.641971197
2023-06-21,305.6761855232647,308.3744466054191,303.84341339857775,305.8024746656151,2652300.7770698946
2023-06-22,300.061248313949,299.14163816303017,293.74772862520484,298.914472466009,2875400.626331645
2023-06-23,294.8032681089213,297.19392111229877,296.0358349258151,297.0020554355029,5852243.097288956
2023-06-26,298.3036964953802,301.69980040200204,298.41741601004236,299.8579439806933,1636647.825654123
2023-06-27,299.9358523647593,299.99273502886075,297.56824729698394,299.1204088650598,2119143.1507725827
2023-06-28,300.9181263300518,299.78855661360967,296.95687738724877,298.690051829799,3057637.337841861
2023-06-29,298.03906890566094,302.06014823276666,293.26360581620605,297.99435257910375,4839851.495771052
2023-06-30,294.25519516810743,294.5026529084407,292.56808118494064,293.9371048628277,3703897.6311006295
2023-07-03,290.4829236411827,294.01598264102057,290.9212415386424,291.68385008269394,1832591.3861120471
2023-07-04,285.5515258454739,286.504972756872,282.94294597405303,285.59427342044376,2063910.4432371978
2023-07-05,292.3175167421695,293.80798141653963,289.78288257097665,293.3573758118208,7627189.676334523
2023-07-06,291.12696376264665,298.4783670352955,290.06380331122017,291.36039896937956,3829078.151590289
2023-07-07,294.60339651619785,294.6701536481019,287.43608637548203,293.54329408248765,2399520.2722917097
2023-07-10,286.2749623275243,292.75671039860146,282.891219390865,289.16482344262613,2566006.1983237136
2023-07-11,293.03127216190796,294.07411072639565,290.1478922078416,292.71948825383197,21212993.47907829
2023-07-12,283.54945063928517,286.88402741382276,281.7135255169837,284.6946942425231,6389304.350970635
2023-07-13,287.80651641068175,292.1085998005747,287.046648219893,288.7399871133665,1442319.290827711
2023-07-14,290.31623598131426,289.81506118667915,287.1672992835239,288.6734347679755,2598935.541974623
2023-07-17,298.4884533503367,301.61091090647915,297.4962280291743,298.04817708288925,4692196.378125645
2023-07-18,293.7163238099449,293.396329064984,291.9090828725355,292.35158330978595,2848375.695924268
2023-07-19,290.19260207569295,293.2532357526579,289.9078453113697,292.77454376422776,5777760.147151099
2023-07-20,293.8760630975666,295.9223886715044,293.77112170012055,294.4800664786154,7898036.873404062
2023-07-21,299.38605383152475,301.85482622240585,299.4634286022719,300.06670582981934,3281398.2902458077
2023-07-24,297.3799007542208,298.3454837642074,296.043947371211,298.2589140224205,3788079.6402903534
2023-07-25,299.39317252666865,300.72493293916006,298.53631420678005,298.7356039239976,3004641.617055584
2023-07-26,290.67084707453296,293.8281886205954,288.3907280309719,289.37456264066185,5082935.63246849
2023-07-27,284.29718509165633,287.26511013056773,282.5591718779512,285.87921043891726,6920250.883315519
2023-07-28,286.5229637437644,292.0629111817659,287.12175754056875,287.90875866337615,5215772.088741788
2023-07-31,290.9719215101785,293.8648292839667,292.5116080732587,292.8048173467884,1902180.0804821318
2023-08-01,293.3310469155479,294.3670879266699,289.8471420134998,291.65750641026995,4766779.773143703
2023-08-02,300.10983707918234,303.4597010757,298.4636684973154,300.8842151443519,2447611.069943909
2023-08-03,308.8705414566618,311.611976617557,306.8175598315757,309.02718854559686,7835544.937755252
2023-08-04,308.32580736337763,309.7166102506892,306.49343853789765,308.8388051097467,4148020.9869500888
2023-08-07,296.51179581818883,299.74792731500355,292.7733290757905,297.9473906429245,5548645.307327041
2023-08-08,290.7366862525437,291.8224663160642,288.76619250438375,290.1950937363606,3234776.213808194
2023-08-09,287.4643504844362,287.37149486322477,284.70014392725386,286.91486996179486,3216585.798215721
2023-08-10,293.218702183965,292.55010037374643,286.18491992400743,291.8450959064547,4054706.310429692
2023-08-11,292.9639360492753,294.2205909381789,288.24901270722813,293.2945084104806,3219058.050966399
2023-08-14,283.887204963229,286.9747905653805,282.16727665859923,284.3095288870612,7199030.71833776
2023-08-15,282.59086506390196,285.6517245015663,280.3067639420714,283.4206097162713,1846683.4335322138
2023-08-16,292.61145318220167,291.7507744626148,289.22478427418724,290.45029737914416,4605253.264332813
2023-08-17,290.3640804764398,292.0975987401015,287.11844908766864,288.9086066073651,2437954.928517342
2023-08-18,285.70474210508854,287.1397077239861,282.93416330553197,285.76244498381857,5027951.0904219905
2023-08-21,295.7515755271388,296.9001868832346,293.4698979202969,294.7950046411455,1331001.1399296396
2023-08-22,294.2553244668727,295.5003774197231,294.36199553760946,295.1197948997136,6218648.289052832
2023-08-23,296.1049562410699,293.76568525235797,288.01090527070903,293.09418322942213,2800519.8280825056
2023-08-24,293.85436719544487,296.77950400062764,292.96256269222295,294.72611731582583,1764121.558271268
2023-08-25,294.3306310915818,296.07339879032867,294.244472370141,294.89046435349485,4677817.2294490365
2023-08-28,292.5425029694685,294.20842563616475,292.6874309091266,293.0862241024825,2970116.0328175314
2023-08-29,301.0763514975681,302.4339056441804,295.37855939231116,298.53694405916747,3754889.5017670677
2023-08-30,303.89035374973855,305.75763324248294,302.20169121260517,303.666244362764,6040240.271005792
2023-08-31,309.2807954729437,309.77894984645644,306.7538040658893,307.6128898325156,1894384.840979175
2023-09-01,307.06154403120956,307.27737018616756,306.6431349222037,307.23066984246884,2262116.488918879
2023-09-04,310.7594057250838,313.2228057444181,310.43118846392326,312.6556229512715,3403121.188813322
2023-09-05,313.72810498454385,316.4278281223695,312.2132005545248,312.51635380262036,4341618.224026077
2023-09-06,313.8198987164717,317.15127869236176,310.9350332048663,314.8059599887651,2299477.571038498
2023-09-07,317.71263547099215,322.25124315814776,318.531813319864,319.82109201823226,2198811.054459677
2023-09-08,323.14846859114886,326.2197232371399,320.403289196354,323.8221409587014,4807403.320600872
2023-09-11,333.783989675303,333.94956345239143,330.30030979972184,332.7331234744156,5345786.941697688
2023-09-12,338.0496376776291,337.95931737012205,329.4270031325706,335.09363421686896,6574023.640466535
2023-09-13,324.5655545590175,327.3813552140869,325.98432370462183,326.8329218960036,2820521.4495485094
2023-09-14,317.75808732485496,323.69440734888894,319.99182364437263,321.290772528623,898860.0255585025
2023-09-15,329.48741280415214,332.71765533135016,326.6112820898856,327.96213144692786,4246879.952127114
2023-09-18,326.92409981529977,326.8002580456083,324.1369722944727,326.4343646049795,4780071.446224333
2023-09-19,327.5057616178316,332.1598121072113,322.7735614701847,328.43107167723525,1570003.5289957086
2023-09-20,325.0388710436339,325.1826924285471,321.7951264782927,324.3603709113616,3420133.4311112487
2023-09-21,330.5668656120966,331.05454788711324,328.72576898303043,329.36559833984296,3751454.313780323
2023-09-22,330.6997367875392,330.76480861101635,325.2021625738451,327.5680734098872,3875469.912374036
2023-09-25,334.69363555973996,337.94966444748707,333.3538658458215,334.91190088126547,2591254.7234788006
2023-09-26,334.47516064755257,332.85509002064134,330.06842566248855,332.34846255048615,3408274.1179980296
2023-09-27,337.30739665385397,338.7021062041266,337.6981055955339,338.0710246241294,4413582.377047819
2023-09-28,340.7402138585551,342.7995563256317,341.10223502524576,341.6107554761734,1345011.7121912225
2023-09-29,338.74672150783505,340.4924872470595,337.52176604035253,338.0304798280998,5155327.568044805
2023-10-02,341.835825186774,346.36041343620946,343.7446323947969,343.7521877811344,2722555.918599997
2023-10-03,337.02780009171,340.38543118519345,335.6127322658668,339.2361579808809,4791006.437829723
2023-10-04,336.79144932199256,337.8800267019605,331.4216052880576,335.1772472675594,2300621.4988402235
2023-10-05,335.6004427667591,339.9909234516321,334.85953457406066,338.9271398572839,1389031.8719892057
2023-10-06,336.0539149738641,337.0683250260343,335.49041239354284,335.8635672272566,5900628.11991938
2023-10-09,332.44430775949337,335.9827058144689,329.77739793636465,332.98497923974315,7426521.168540873
2023-10-10,330.753051352713,331.6469341777504,327.83020501269755,331.3710918948443,1289460.7057782053
2023-10-11,324.35951655644004,327.9140280109131,325.00406483593343,326.53473634518843,1713179.7236994794
2023-10-12,328.41549885274065,332.6279503036747,329.5591751772461,331.79298963027327,3426625.716874388
2023-10-13,333.8290231837063,338.539769248513,326.4864536074754,334.93583283800064,1934423.3683585385
2023-10-16,332.7381723135133,338.15615443814096,332.96069598081806,334.6880952819517,4780835.469035557
2023-10-17,333.5336626186405,334.4433627165583,330.8162405461644,334.2446327471885,2194507.1593839424
2023-10-18,336.7583377920195,337.1475619016282,331.1199836332567,336.61016856623695,2523632.1144168046
2023-10-19,344.46408126607304,347.5569992996959,344.65025007499634,345.74638586216446,3633538.353455361
2023-10-20,348.51909040665635,351.2895977427777,346.34629395238017,350.3981447869297,1100073.387373445
2023-10-23,348.34465018193663,350.3175878852854,340.5466640354323,347.84020993659806,2785780.6755293687
2023-10-24,350.6848822024364,352.3393583016582,349.08738084037657,352.0258095709871,8951435.218464449
2023-10-25,349.81824624146736,351.5595438682976,350.04528454848753,351.5046457087321,4383869.643997416
2023-10-26,350.0377721492226,352.91787762281064,349.2397147265511,350.56213119015,1983642.2708915195
2023-10-27,361.13847252123725,367.25399765499793,356.8143057135818,360.623697634479,5515139.805671422
2023-10-30,362.25178253963423,362.6491406462837,355.7285724130764,358.4721446781923,9171328.601451159
2023-10-31,358.8837861555311,356.91336549724264,355.77923442885873,356.0115533841049,6183124.21801444
2023-11-01,343.6572050433468,353.21278514115085,341.6108317413256,345.84185508503424,2440453.843381867
2023-11-02,336.50176807559154,339.9002833667643,336.88434122406295,338.74467996190936,2353000.617393753
2023-11-03,341.2574049531381,342.2217303318236,336.4607767056387,341.14701426167494,2716246.6380009074
2023-11-06,338.6512516025445,338.3270934836119,335.53782525550224,337.7107290118222,1934720.2819758018
2023-11-07,340.20968905158435,342.01438645471507,339.61614204796314,340.4338742262059,3317121.330463365
2023-11-08,338.52601350941217,337.4960559206941,333.73763299466634,334.88856642968136,1977127.0017114002
2023-11-09,333.10451235164794,331.61960781580984,329.0204844075453,331.1555456961493,2110383.6349294134
2023-11-10,337.3677559646213,334.7669205791067,334.03600632303267,334.62374527051514,3837798.2430049917
2023-11-13,341.42519238801776,342.6411064350746,341.4506939709807,342.14004374525655,2466199.774316183
2023-11-14,343.7493461593773,345.9083652409296,341.63352724962124,345.2977988946926,2951451.357184753
2023-11-15,349.7815724033492,352.2254640447376,350.79640582033056,351.6634789237192,9569477.093107242
2023-11-16,360.674011592006,363.5721176051971,357.6588622966757,360.8793186590335,3929841.8626202736
2023-11-17,364.35669398062436,368.2186551342922,363.7063003882523,366.6636498479083,5927787.608083738
2023-11-20,360.60902917536583,362.9339880010257,353.02689043567733,361.7554177210324,4069208.497266195
2023-11-21,360.51443573457055,361.7566928953545,356.6112772421989,361.29260534180776,4419289.562998858
2023-11-22,366.55604123739374,365.1841855838044,358.98116807661717,364.83350768734687,1665127.7355767428
2023-11-23,361.8215828692487,363.7978923821108,362.1347080307818,362.6790932641267,2486816.766318813
2023-11-24,362.68598620935694,367.3545551321852,364.820463944679,365.25567698053084,2867276.1579577625
2023-11-27,356.014113933723,360.49813211402903,353.4859846697422,356.8124340718468,2614769.9405716215
2023-11-28,352.84303555856235,352.8390305526453,351.95609165216274,352.5106481352149,2953630.789719972
2023-11-29,356.4217391475634,361.90018550082624,353.6262114780868,355.4249178733372,3541110.2703891206
2023-11-30,342.2148586915121,343.99068173942857,343.22202517688044,343.79918685902766,2924674.631234753
2023-12-01,339.33020469004725,339.19291083541026,333.1018839414681,338.2353788521998,4614879.930983305
